epoch,time,train/box_loss,train/cls_loss,train/dfl_loss,metrics/precision(B),metrics/recall(B),metrics/mAP50(B),metrics/mAP50-95(B),val/box_loss,val/cls_loss,val/dfl_loss,lr/pg0,lr/pg1,lr/pg2
1,4.31521,4.1069,101.752,2.91521,0,0,0,0,2.88181,90.6121,2.02815,0.0004,0.0004,0.0004
2,7.7726,5.10235,89.0158,3.26947,0,0,0,0,2.85086,90.7321,2.0127,0.000816753,0.000816753,0.000816753
3,10.9923,4.39639,37.9947,3.2693,0,0,0,0,2.67605,78.3867,1.91707,0.00123018,0.00123018,0.00123018
4,14.1057,4.22262,18.5521,2.99667,0,0,0,0,1.75474,2.20265,15.9805,0.00164028,0.00164028,0.00164028
5,17.2366,4.26452,14.8341,2.86657,0,0,0,0,1.83757,1.51985,21.3243,0.00196832,0.00196832,0.00196832
6,20.3793,3.90388,7.19539,2.63029,0,0,0,0,0,0,0,0.0019604,0.0019604,0.0019604
7,23.6587,3.67469,4.63841,2.36148,0.00144,0.00885,0.00239,0.00048,3.4851,3.46013,10.4082,0.00195248,0.00195248,0.00195248
8,26.8275,3.75589,3.8973,2.3458,0.00043,0.0177,0.00039,0.00015,4.47983,4.44566,3.91649,0.00194456,0.00194456,0.00194456
9,29.4797,3.70057,3.72094,2.26665,0.04825,0.0354,0.01097,0.0022,4.00077,2.39482,2.5335,0.00193664,0.00193664,0.00193664
10,32.5544,3.65537,2.97175,2.23345,0.01508,0.15929,0.01387,0.00283,3.74518,2.68876,2.29593,0.00192872,0.00192872,0.00192872
11,35.7201,3.4545,2.92172,2.13764,0.03871,0.02655,0.01592,0.0054,4.08814,3.33441,2.21542,0.0019208,0.0019208,0.0019208
12,38.8748,3.48111,2.53292,2.06651,0.05106,0.10619,0.02956,0.00737,3.80625,3.48297,2.27125,0.00191288,0.00191288,0.00191288
13,41.9971,3.45968,2.40938,2.03591,0.16156,0.15044,0.06515,0.01568,3.64413,2.72519,3.60651,0.00190496,0.00190496,0.00190496
14,45.1184,3.39616,2.60575,2.05292,0.25237,0.17626,0.09581,0.02158,3.28962,2.81301,2.56035,0.00189704,0.00189704,0.00189704
15,48.2405,3.4596,2.29074,2.08131,0.18403,0.21239,0.09356,0.01967,3.21399,2.02782,2.41378,0.00188912,0.00188912,0.00188912
16,50.8857,3.24071,2.32724,1.90437,0.18385,0.21239,0.08368,0.02238,3.24244,2.08245,2.09087,0.0018812,0.0018812,0.0018812
17,53.4862,2.98071,2.10252,1.88903,0.19722,0.29204,0.10491,0.0243,3.10093,2.17413,1.80174,0.00187328,0.00187328,0.00187328
18,56.6177,3.03981,1.98737,1.80083,0.17743,0.28319,0.1191,0.02549,3.05215,1.98406,1.83152,0.00186536,0.00186536,0.00186536
19,59.7679,2.9211,1.97158,1.81811,0.15597,0.15929,0.09028,0.02432,3.02875,2.13683,1.81068,0.00185744,0.00185744,0.00185744
20,62.4219,3.15479,1.92535,1.76587,0.22014,0.23009,0.10127,0.02597,3.17035,2.14584,1.73618,0.00184952,0.00184952,0.00184952
21,65.0486,3.08345,1.85257,1.73766,0.23874,0.23009,0.14992,0.0446,2.83439,2.07692,1.66564,0.0018416,0.0018416,0.0018416
22,68.149,2.95565,1.8626,1.76195,0.15578,0.21239,0.08221,0.02109,3.19055,2.6891,1.87652,0.00183368,0.00183368,0.00183368
23,70.763,2.89433,1.81613,1.7296,0.20111,0.18584,0.13244,0.03215,2.89531,2.26334,1.74983,0.00182576,0.00182576,0.00182576
24,73.3838,2.8751,1.87694,1.78934,0.1866,0.18584,0.09716,0.01872,3.27583,2.28583,1.82557,0.00181784,0.00181784,0.00181784
25,76.0009,3.02568,1.74036,1.70988,0.27368,0.35347,0.24567,0.07015,2.78858,1.68824,1.66325,0.00180992,0.00180992,0.00180992
26,79.1693,2.91777,1.67576,1.71931,0.24636,0.28319,0.18084,0.04222,2.97301,1.67685,1.70147,0.001802,0.001802,0.001802
27,81.7785,3.06018,1.70481,1.71834,0.28609,0.41593,0.23671,0.06859,2.75846,1.54424,1.61857,0.00179408,0.00179408,0.00179408
28,84.4525,2.61479,1.61368,1.55335,0.38124,0.29204,0.28582,0.08072,2.68375,1.70681,1.67102,0.00178616,0.00178616,0.00178616
29,87.5834,2.77229,1.65123,1.71607,0.33782,0.26549,0.21647,0.05253,2.99468,1.56206,1.64658,0.00177824,0.00177824,0.00177824
30,90.2105,2.59979,1.50781,1.56187,0.48326,0.39823,0.38675,0.11817,2.52081,1.42061,1.50309,0.00177032,0.00177032,0.00177032
31,93.3634,2.61728,1.49442,1.66395,0.41078,0.39823,0.33626,0.11004,2.58193,1.43113,1.48424,0.0017624,0.0017624,0.0017624
32,96.0391,2.57887,1.48738,1.62672,0.41572,0.27434,0.2575,0.07338,2.70346,1.81269,1.56843,0.00175448,0.00175448,0.00175448
33,98.6787,2.49604,1.45866,1.51898,0.53816,0.38156,0.39549,0.13602,2.45177,1.34517,1.4085,0.00174656,0.00174656,0.00174656
34,101.861,2.55809,1.5997,1.56576,0.42374,0.40348,0.3516,0.10833,2.72808,1.43738,1.43893,0.00173864,0.00173864,0.00173864
35,104.482,2.56759,1.40781,1.52534,0.4663,0.43363,0.37828,0.11794,2.53716,1.32361,1.4106,0.00173072,0.00173072,0.00173072
36,107.158,2.43818,1.45995,1.52336,0.31531,0.34513,0.29437,0.086,2.49925,1.47056,1.47073,0.0017228,0.0017228,0.0017228
37,109.785,2.47614,1.35154,1.4658,0.43832,0.47788,0.38742,0.12704,2.36501,1.28603,1.33629,0.00171488,0.00171488,0.00171488
38,112.394,2.51687,1.44178,1.45775,0.57903,0.37168,0.3764,0.11674,2.46799,1.30771,1.38781,0.00170696,0.00170696,0.00170696
39,115.133,2.44478,1.42354,1.42234,0.41574,0.38938,0.33218,0.1184,2.25885,1.37161,1.37834,0.00169904,0.00169904,0.00169904
40,117.844,2.22389,1.36228,1.35632,0.39121,0.38938,0.34116,0.11333,2.38948,1.4276,1.42675,0.00169112,0.00169112,0.00169112
41,120.505,2.30632,1.40436,1.36126,0.42911,0.36283,0.38467,0.12852,2.36564,1.61711,1.43836,0.0016832,0.0016832,0.0016832
42,123.238,2.36492,1.51423,1.43039,0.3872,0.4753,0.35429,0.12842,2.19525,1.30779,1.33676,0.00167528,0.00167528,0.00167528
43,125.954,2.34303,1.32517,1.4448,0.51203,0.44248,0.36638,0.12578,2.36816,1.37097,1.35326,0.00166736,0.00166736,0.00166736
44,128.724,2.18041,1.34449,1.34846,0.40912,0.49019,0.40867,0.15182,2.07655,1.27625,1.26914,0.00165944,0.00165944,0.00165944
45,131.962,2.1353,1.27828,1.39155,0.42635,0.56637,0.46918,0.16563,2.17311,1.23657,1.267,0.00165152,0.00165152,0.00165152
46,135.158,2.26341,1.35811,1.40825,0.39469,0.58407,0.40918,0.14993,2.12531,1.31051,1.27644,0.0016436,0.0016436,0.0016436
47,137.883,2.11779,1.35271,1.28217,0.50502,0.52212,0.40347,0.14769,2.15717,1.36564,1.24775,0.00163568,0.00163568,0.00163568
48,140.535,2.23318,1.40749,1.48301,0.44362,0.38938,0.34989,0.12895,2.3166,1.49599,1.35832,0.00162776,0.00162776,0.00162776
49,143.169,2.1602,1.3354,1.36897,0.49245,0.42478,0.34923,0.12421,2.27363,1.38605,1.27781,0.00161984,0.00161984,0.00161984
50,145.842,2.06905,1.36426,1.30068,0.57481,0.46018,0.40649,0.13251,2.24222,1.23475,1.26882,0.00161192,0.00161192,0.00161192
51,148.476,2.09825,1.29592,1.31634,0.50374,0.49407,0.45469,0.15281,2.17678,1.28417,1.29139,0.001604,0.001604,0.001604
52,151.125,2.15367,1.23402,1.29523,0.65381,0.46903,0.4898,0.14641,2.33586,1.16971,1.26727,0.00159608,0.00159608,0.00159608
53,153.8,2.28513,1.28125,1.28624,0.56044,0.48673,0.46924,0.1469,2.319,1.27953,1.27418,0.00158816,0.00158816,0.00158816
54,156.454,2.16347,1.26996,1.26742,0.56257,0.46018,0.43998,0.16081,2.28064,1.17079,1.24266,0.00158024,0.00158024,0.00158024
55,159.148,1.94752,1.18614,1.26751,0.56869,0.34513,0.37386,0.14452,2.08149,1.29258,1.23226,0.00157232,0.00157232,0.00157232
56,161.852,2.06615,1.29623,1.35702,0.54037,0.40708,0.3793,0.12698,2.15743,1.2763,1.20215,0.0015644,0.0015644,0.0015644
57,164.536,2.18892,1.27141,1.32953,0.5109,0.45297,0.40103,0.14711,2.21197,1.37411,1.24709,0.00155648,0.00155648,0.00155648
58,167.208,2.11176,1.32172,1.25851,0.65241,0.43363,0.45489,0.16324,2.18461,1.22255,1.25931,0.00154856,0.00154856,0.00154856
59,169.921,2.05462,1.21366,1.27,0.57592,0.49558,0.41982,0.16929,2.03762,1.40455,1.23541,0.00154064,0.00154064,0.00154064
60,172.643,2.07724,1.29786,1.25434,0.50267,0.51327,0.43494,0.16786,2.05554,1.28258,1.21465,0.00153272,0.00153272,0.00153272
61,175.247,2.01173,1.27931,1.22485,0.4332,0.52212,0.42347,0.17048,2.04798,1.25928,1.27625,0.0015248,0.0015248,0.0015248
62,177.913,2.08398,1.2057,1.29214,0.49153,0.42478,0.41185,0.14873,2.21661,1.33122,1.27562,0.00151688,0.00151688,0.00151688
63,180.551,2.18585,1.17837,1.31024,0.48408,0.4401,0.38459,0.15277,2.10698,1.21667,1.23269,0.00150896,0.00150896,0.00150896
64,183.129,2.10643,1.14741,1.23458,0.65539,0.43763,0.45835,0.16302,2.08431,1.1107,1.20129,0.00150104,0.00150104,0.00150104
65,185.729,2.016,1.18432,1.28899,0.74864,0.47445,0.52918,0.20219,1.94401,1.13566,1.22262,0.00149312,0.00149312,0.00149312
66,188.894,1.93297,1.13619,1.22319,0.59739,0.44647,0.46517,0.18789,1.98271,1.26074,1.1894,0.0014852,0.0014852,0.0014852
67,191.597,1.97624,1.18117,1.18327,0.63628,0.46903,0.48647,0.20993,1.989,1.1398,1.17594,0.00147728,0.00147728,0.00147728
68,194.739,1.86064,1.14936,1.2231,0.5154,0.48673,0.4446,0.20374,2.04216,1.12177,1.1829,0.00146936,0.00146936,0.00146936
69,197.337,1.90529,1.18491,1.24133,0.56235,0.48897,0.48614,0.20821,2.00553,1.21124,1.20141,0.00146144,0.00146144,0.00146144
70,199.892,1.94099,1.13218,1.20581,0.49739,0.44667,0.45617,0.19083,2.11729,1.29496,1.19694,0.00145352,0.00145352,0.00145352
71,202.487,2.00895,1.16086,1.17602,0.56381,0.46018,0.47135,0.18747,2.0357,1.16852,1.15768,0.0014456,0.0014456,0.0014456
72,205.134,1.86882,1.20056,1.17652,0.5715,0.42478,0.46314,0.18868,1.84995,1.1529,1.14533,0.00143768,0.00143768,0.00143768
73,207.772,1.87713,1.16531,1.19094,0.43962,0.53459,0.46229,0.18236,1.88058,1.18377,1.15887,0.00142976,0.00142976,0.00142976
74,210.445,1.79773,1.18839,1.18743,0.55998,0.53097,0.51696,0.211,1.97028,1.09099,1.16571,0.00142184,0.00142184,0.00142184
75,213.616,1.78618,1.11322,1.1996,0.64975,0.60745,0.56714,0.23203,1.8531,1.14874,1.12851,0.00141392,0.00141392,0.00141392
76,216.765,1.84654,1.11972,1.17963,0.65314,0.59991,0.59528,0.23314,1.84382,1.14858,1.13521,0.001406,0.001406,0.001406
77,219.952,1.93597,1.16444,1.1505,0.56243,0.52324,0.50403,0.22945,1.68892,1.06865,1.09887,0.00139808,0.00139808,0.00139808
78,222.557,1.80674,1.17303,1.16439,0.60952,0.49558,0.50727,0.2151,1.79703,1.07529,1.12268,0.00139016,0.00139016,0.00139016
79,225.115,1.69074,1.06844,1.1381,0.67703,0.49558,0.54602,0.22355,1.82829,1.03998,1.15213,0.00138224,0.00138224,0.00138224
80,227.74,1.83734,1.09955,1.16209,0.56476,0.48673,0.43795,0.18847,1.86115,1.39985,1.17648,0.00137432,0.00137432,0.00137432
81,230.33,1.70877,1.14549,1.08872,0.55052,0.60699,0.53683,0.2246,1.75207,1.09549,1.09596,0.0013664,0.0013664,0.0013664
82,232.904,1.81294,1.09646,1.14619,0.55975,0.61947,0.58546,0.25267,1.71933,1.06761,1.09363,0.00135848,0.00135848,0.00135848
83,236.028,1.79538,1.07097,1.10898,0.53888,0.49558,0.52751,0.21016,1.78414,1.08617,1.12399,0.00135056,0.00135056,0.00135056
84,238.635,1.68586,1.06809,1.11363,0.64318,0.51327,0.55532,0.22265,1.75552,1.10043,1.11102,0.00134264,0.00134264,0.00134264
85,241.255,1.77006,1.03461,1.15219,0.73248,0.45133,0.51312,0.18841,2.09906,1.03598,1.13081,0.00133472,0.00133472,0.00133472
86,243.876,1.7739,1.05346,1.11188,0.64238,0.47788,0.49682,0.1981,1.95107,1.07051,1.11378,0.0013268,0.0013268,0.0013268
87,246.47,1.71493,1.04291,1.10257,0.74379,0.49558,0.57157,0.25099,1.73842,1.00956,1.0974,0.00131888,0.00131888,0.00131888
88,249.106,1.75863,1.01967,1.11841,0.73617,0.49388,0.58236,0.25635,1.72272,0.97805,1.08973,0.00131096,0.00131096,0.00131096
89,252.183,1.79005,1.04643,1.12186,0.53011,0.57522,0.53527,0.24508,1.72652,1.10303,1.06333,0.00130304,0.00130304,0.00130304
90,254.769,1.63218,1.02235,1.14722,0.72949,0.4773,0.54945,0.22907,1.74964,0.9853,1.09278,0.00129512,0.00129512,0.00129512
91,257.344,1.70269,1.02066,1.12175,0.71363,0.48519,0.54905,0.23755,1.76719,0.99318,1.09048,0.0012872,0.0012872,0.0012872
92,259.936,1.65119,0.95841,1.09028,0.53859,0.47518,0.51748,0.2077,1.90243,1.12582,1.14164,0.00127928,0.00127928,0.00127928
93,262.512,1.72034,1.07082,1.1206,0.64926,0.49148,0.54832,0.24832,1.75157,1.039,1.08001,0.00127136,0.00127136,0.00127136
94,265.088,1.82622,1.04667,1.11285,0.80533,0.47594,0.5955,0.25255,1.66905,0.99237,1.11557,0.00126344,0.00126344,0.00126344
95,267.647,1.70191,1.0106,1.09461,0.76269,0.49558,0.60038,0.27566,1.64653,1.02305,1.06743,0.00125552,0.00125552,0.00125552
96,270.762,1.65009,1.04031,1.09579,0.73889,0.50088,0.61622,0.2753,1.60062,0.89214,1.05423,0.0012476,0.0012476,0.0012476
97,273.924,1.56422,0.95919,1.04336,0.69096,0.5936,0.63156,0.2877,1.58038,0.94568,1.04036,0.00123968,0.00123968,0.00123968
98,277.074,1.60671,0.9371,1.05124,0.71667,0.54867,0.62726,0.29334,1.5754,0.97624,1.04009,0.00123176,0.00123176,0.00123176
99,280.236,1.61472,0.97055,1.07837,0.64371,0.61062,0.6157,0.27064,1.64982,0.91192,1.05853,0.00122384,0.00122384,0.00122384
100,282.9,1.60096,0.9535,1.02678,0.74803,0.53097,0.62251,0.28953,1.58116,0.94794,1.04938,0.00121592,0.00121592,0.00121592
101,285.587,1.64079,0.93539,1.10765,0.64017,0.55107,0.60371,0.2799,1.70125,0.94316,1.05572,0.001208,0.001208,0.001208
102,288.24,1.69205,0.99102,1.06241,0.66074,0.56637,0.63954,0.2879,1.67886,0.99018,1.08323,0.00120008,0.00120008,0.00120008
103,290.889,1.70715,1.02077,1.05954,0.73001,0.60177,0.64946,0.31603,1.5327,0.89381,1.02745,0.00119216,0.00119216,0.00119216
104,294.122,1.59383,1.00871,1.05772,0.69552,0.58625,0.63446,0.31773,1.45347,0.90263,1.03361,0.00118424,0.00118424,0.00118424
105,297.297,1.64423,0.97143,1.05029,0.56309,0.61947,0.55126,0.26709,1.53986,0.97276,1.03446,0.00117632,0.00117632,0.00117632
106,299.993,1.64617,1.00759,1.09104,0.68335,0.53097,0.56473,0.25162,1.637,0.93098,1.03992,0.0011684,0.0011684,0.0011684
107,302.716,1.62136,0.99451,1.04964,0.48759,0.58407,0.53074,0.24012,1.79322,1.0897,1.10508,0.00116048,0.00116048,0.00116048
108,305.415,1.61588,1.00604,1.06545,0.76527,0.48673,0.62402,0.29002,1.72658,0.94319,1.05283,0.00115256,0.00115256,0.00115256
109,308.011,1.60716,0.96017,1.0206,0.67958,0.50442,0.61474,0.30934,1.58273,0.95756,1.03489,0.00114464,0.00114464,0.00114464
110,310.604,1.41495,0.86438,1.02154,0.63107,0.56011,0.56736,0.26905,1.55858,0.94654,1.03695,0.00113672,0.00113672,0.00113672
111,313.258,1.47231,0.88518,1.03182,0.76531,0.50442,0.62554,0.31852,1.54166,0.95266,1.02519,0.0011288,0.0011288,0.0011288
112,315.938,1.57208,0.91512,1.02318,0.60615,0.61947,0.65513,0.34066,1.45872,0.91508,1.01302,0.00112088,0.00112088,0.00112088
113,319.044,1.44326,0.90397,1.06106,0.69628,0.60864,0.6682,0.32268,1.55478,0.86456,1.02414,0.00111296,0.00111296,0.00111296
114,321.697,1.5602,0.8965,1.02467,0.78881,0.58407,0.65422,0.29888,1.64981,0.91989,1.0593,0.00110504,0.00110504,0.00110504
115,324.365,1.56486,0.96168,1.09133,0.68345,0.60177,0.62605,0.30408,1.57624,0.88534,1.03038,0.00109712,0.00109712,0.00109712
116,327.013,1.63217,0.92685,1.10043,0.64359,0.57529,0.60397,0.29285,1.56038,0.92917,1.03989,0.0010892,0.0010892,0.0010892
117,329.65,1.60617,1.08027,1.0868,0.62648,0.65487,0.63576,0.33059,1.378,0.89044,1.00266,0.00108128,0.00108128,0.00108128
118,332.284,1.53896,0.93891,1.04686,0.67592,0.58407,0.63958,0.30455,1.52371,0.92772,1.0436,0.00107336,0.00107336,0.00107336
119,334.971,1.62904,0.958,1.06884,0.75769,0.55346,0.62056,0.30926,1.58568,0.90543,1.01775,0.00106544,0.00106544,0.00106544
120,337.653,1.62797,0.95924,1.09051,0.76835,0.54867,0.61666,0.31535,1.50062,0.90493,0.9849,0.00105752,0.00105752,0.00105752
121,340.29,1.62951,0.94514,1.07625,0.7484,0.56637,0.62737,0.30662,1.54718,0.89666,1.04645,0.0010496,0.0010496,0.0010496
122,342.909,1.60544,0.92201,1.09798,0.70582,0.57522,0.62278,0.30982,1.53906,0.86976,1.02308,0.00104168,0.00104168,0.00104168
123,345.506,1.68777,1.02075,1.07387,0.64628,0.52212,0.57337,0.25908,1.63212,0.9349,1.02899,0.00103376,0.00103376,0.00103376
124,348.197,1.56506,0.93895,1.05534,0.62549,0.58407,0.62174,0.32188,1.45708,0.9233,1.00924,0.00102584,0.00102584,0.00102584
125,350.845,1.61974,0.94365,1.06094,0.66541,0.53982,0.62054,0.32393,1.44602,0.89192,1.00396,0.00101792,0.00101792,0.00101792
126,353.44,1.42778,0.8879,1.00011,0.75019,0.52212,0.62154,0.32988,1.39694,0.90169,1.02975,0.00101,0.00101,0.00101
127,356.068,1.50704,0.96201,1.02224,0.60456,0.60177,0.6288,0.30092,1.55475,0.98422,1.05113,0.00100208,0.00100208,0.00100208
128,358.718,1.43503,0.88374,1.07214,0.67666,0.61062,0.66024,0.33472,1.4356,0.86856,1.0089,0.00099416,0.00099416,0.00099416
129,361.365,1.39829,0.83451,1.04036,0.71321,0.59292,0.67508,0.32494,1.48065,0.87038,1.00179,0.00098624,0.00098624,0.00098624
130,364.011,1.38434,0.82997,1.03099,0.71678,0.51515,0.62174,0.31479,1.51593,0.8805,1.03679,0.00097832,0.00097832,0.00097832
131,366.655,1.54092,0.88746,1.02356,0.75568,0.54867,0.60602,0.2691,1.72344,0.89032,1.01318,0.0009704,0.0009704,0.0009704
132,369.323,1.60389,0.95166,1.02476,0.72212,0.62832,0.65618,0.31576,1.53529,0.88877,0.98792,0.00096248,0.00096248,0.00096248
133,371.929,1.37956,0.87907,1.02255,0.74526,0.54867,0.64082,0.31597,1.53683,0.83603,1.01536,0.00095456,0.00095456,0.00095456
134,374.594,1.41969,0.88061,1.03309,0.75224,0.56637,0.6603,0.341,1.36885,0.865,0.99745,0.00094664,0.00094664,0.00094664
135,377.744,1.52398,0.88294,1.02628,0.66619,0.66372,0.67602,0.34088,1.4415,0.85243,0.98359,0.00093872,0.00093872,0.00093872
136,380.915,1.45552,0.89426,1.03636,0.7665,0.64602,0.68476,0.34118,1.41473,0.85777,0.99259,0.0009308,0.0009308,0.0009308
137,384.113,1.39717,0.86172,1.01036,0.68353,0.64602,0.66063,0.34688,1.35383,0.83503,0.98385,0.00092288,0.00092288,0.00092288
138,387.231,1.41571,0.86331,1.00069,0.75946,0.59292,0.66485,0.31761,1.45809,0.85314,0.98876,0.00091496,0.00091496,0.00091496
139,389.957,1.45461,0.88881,1.01647,0.77926,0.50442,0.61805,0.30278,1.46248,0.88878,1.00428,0.00090704,0.00090704,0.00090704
140,392.607,1.50057,0.90388,1.02639,0.68214,0.55752,0.65662,0.34401,1.44751,0.89738,1.00776,0.00089912,0.00089912,0.00089912
141,395.355,1.5375,0.85938,1.00862,0.69079,0.61062,0.64945,0.28307,1.70445,0.89353,1.05441,0.0008912,0.0008912,0.0008912
142,398.003,1.62519,0.90546,1.04232,0.68853,0.53982,0.58203,0.25123,1.75163,1.05174,1.04819,0.00088328,0.00088328,0.00088328
143,400.684,1.45121,0.83583,1.00441,0.79114,0.53637,0.63486,0.33976,1.35259,0.83267,0.97717,0.00087536,0.00087536,0.00087536
144,403.405,1.65105,0.89154,1.01084,0.76964,0.53221,0.62236,0.29642,1.58184,0.96646,1.00698,0.00086744,0.00086744,0.00086744
145,406.055,1.66138,0.92224,1.04506,0.75213,0.54867,0.66607,0.34276,1.28916,0.82686,0.99253,0.00085952,0.00085952,0.00085952
146,408.757,1.52777,0.89456,1.04826,0.7642,0.58407,0.66383,0.32202,1.50895,0.90164,1.00419,0.0008516,0.0008516,0.0008516
147,411.437,1.63395,0.91361,1.02192,0.70638,0.59613,0.66631,0.35302,1.38007,0.84126,0.98393,0.00084368,0.00084368,0.00084368
148,414.642,1.49965,0.87996,1.04507,0.72487,0.56637,0.6418,0.34791,1.42292,0.86044,0.98732,0.00083576,0.00083576,0.00083576
149,417.329,1.42431,0.85555,1.01494,0.76084,0.59124,0.65475,0.33022,1.33037,0.85839,0.96822,0.00082784,0.00082784,0.00082784
150,420.004,1.46097,0.85126,1.01181,0.74011,0.54867,0.5846,0.27436,1.61075,0.9002,0.97863,0.00081992,0.00081992,0.00081992
151,422.661,1.52406,0.86924,1.00363,0.74803,0.58407,0.64889,0.35013,1.32794,0.81561,0.96668,0.000812,0.000812,0.000812
152,425.37,1.3988,0.82796,1.02056,0.70509,0.62832,0.67948,0.35278,1.38543,0.78312,0.97487,0.00080408,0.00080408,0.00080408
153,428.6,1.44494,0.80807,1.03168,0.71796,0.58407,0.65439,0.34419,1.3412,0.83895,0.98185,0.00079616,0.00079616,0.00079616
154,431.322,1.39265,0.83538,0.99951,0.81,0.53097,0.6583,0.38029,1.23487,0.81146,0.96226,0.00078824,0.00078824,0.00078824
155,434.519,1.3531,0.82628,0.98366,0.75513,0.57313,0.64545,0.3427,1.47276,0.81305,0.97263,0.00078032,0.00078032,0.00078032
156,437.173,1.31925,0.77715,1.00666,0.77608,0.59292,0.6834,0.36806,1.3652,0.77846,0.9751,0.0007724,0.0007724,0.0007724
157,439.804,1.39,0.80012,1.00229,0.74172,0.63536,0.6791,0.35796,1.31395,0.79708,0.9751,0.00076448,0.00076448,0.00076448
158,442.462,1.42868,0.84807,1.00368,0.7439,0.61695,0.67872,0.36446,1.41069,0.8065,0.98588,0.00075656,0.00075656,0.00075656
159,445.132,1.36303,0.81155,0.98558,0.74244,0.61225,0.65907,0.37234,1.27071,0.78157,0.98207,0.00074864,0.00074864,0.00074864
160,447.795,1.27852,0.8776,0.95659,0.78407,0.51327,0.63237,0.31777,1.52429,0.82406,0.99188,0.00074072,0.00074072,0.00074072
161,450.454,1.32634,0.84024,0.962,0.71291,0.50546,0.60411,0.33097,1.35528,0.83599,0.97386,0.0007328,0.0007328,0.0007328
162,453.104,1.25878,0.77751,0.98461,0.75048,0.55752,0.66403,0.37069,1.32253,0.79042,0.95944,0.00072488,0.00072488,0.00072488
163,455.761,1.31148,0.78519,0.96194,0.6728,0.63688,0.68184,0.38224,1.31561,0.81649,0.96203,0.00071696,0.00071696,0.00071696
164,458.999,1.35883,0.82997,0.99751,0.70588,0.63717,0.70684,0.36635,1.42271,0.7799,0.97606,0.00070904,0.00070904,0.00070904
165,461.636,1.38258,0.83259,1.02535,0.64121,0.63264,0.66053,0.34784,1.38001,0.84126,0.95258,0.00070112,0.00070112,0.00070112
166,464.272,1.32982,0.81605,0.97567,0.69483,0.62832,0.6939,0.3755,1.34514,0.80862,0.95411,0.0006932,0.0006932,0.0006932
167,466.956,1.40223,0.83932,0.99297,0.81062,0.52212,0.66356,0.3466,1.41047,0.84565,0.97361,0.00068528,0.00068528,0.00068528
168,469.663,1.41481,0.87308,0.98437,0.73491,0.56428,0.65386,0.36185,1.20678,0.80082,0.95985,0.00067736,0.00067736,0.00067736
169,472.351,1.38479,0.85662,0.97979,0.65643,0.64251,0.67453,0.35758,1.30948,0.80248,0.96044,0.00066944,0.00066944,0.00066944
170,475.061,1.42874,0.83929,1.04417,0.70108,0.61062,0.66731,0.35044,1.33701,0.78576,0.95133,0.00066152,0.00066152,0.00066152
171,477.738,1.32853,0.79212,0.97767,0.75877,0.60177,0.67684,0.34075,1.40107,0.82395,0.97278,0.0006536,0.0006536,0.0006536
172,480.481,1.44609,0.83698,1.00161,0.62633,0.61947,0.65719,0.33993,1.33334,0.84738,0.97695,0.00064568,0.00064568,0.00064568
173,483.162,1.40422,0.82788,1.01214,0.83695,0.49558,0.65668,0.33497,1.29453,0.86895,0.99503,0.00063776,0.00063776,0.00063776
174,485.819,1.38122,0.83168,0.95134,0.69252,0.62832,0.68567,0.37269,1.33273,0.80435,0.96168,0.00062984,0.00062984,0.00062984
175,488.472,1.35314,0.79281,0.97825,0.70679,0.59733,0.68153,0.38459,1.27931,0.80579,0.94828,0.00062192,0.00062192,0.00062192
176,491.695,1.37479,0.81462,0.98231,0.69241,0.61947,0.67693,0.37159,1.32313,0.79212,0.94722,0.000614,0.000614,0.000614
177,494.39,1.26707,0.8102,0.99801,0.7094,0.62832,0.66942,0.37213,1.27687,0.80772,0.94673,0.00060608,0.00060608,0.00060608
178,497.077,1.29579,0.82806,0.93155,0.63675,0.62051,0.64473,0.34886,1.36273,0.84422,0.98678,0.00059816,0.00059816,0.00059816
179,499.783,1.30383,0.76616,0.97804,0.80802,0.52148,0.66524,0.34693,1.38942,0.83122,0.97264,0.00059024,0.00059024,0.00059024
180,502.504,1.39632,0.80491,0.98479,0.67746,0.59481,0.6691,0.33344,1.43253,0.81344,0.96089,0.00058232,0.00058232,0.00058232
181,505.235,1.33146,0.77225,0.97738,0.77131,0.54867,0.64817,0.35873,1.32008,0.7697,0.97434,0.0005744,0.0005744,0.0005744
182,507.985,1.33979,0.7348,0.97257,0.79107,0.53982,0.60458,0.34392,1.31268,0.79792,0.96474,0.00056648,0.00056648,0.00056648
183,510.658,1.2786,0.78916,0.91468,0.84799,0.53097,0.61871,0.34431,1.33268,0.81829,0.94575,0.00055856,0.00055856,0.00055856
184,513.382,1.24067,0.77452,0.96304,0.73207,0.60177,0.66795,0.36173,1.34891,0.76826,0.95288,0.00055064,0.00055064,0.00055064
185,516.092,1.38914,0.79879,0.99299,0.77664,0.53097,0.66517,0.34626,1.3609,0.8422,0.97098,0.00054272,0.00054272,0.00054272
186,518.706,1.2735,0.75937,0.94028,0.79373,0.53982,0.6486,0.33903,1.34913,0.84627,0.95672,0.0005348,0.0005348,0.0005348
187,521.343,1.34295,0.82689,0.97376,0.75739,0.57522,0.69002,0.39386,1.27873,0.80508,0.952,0.00052688,0.00052688,0.00052688
188,524.562,1.35574,0.81123,0.98895,0.78479,0.5486,0.67042,0.37064,1.30889,0.79905,0.94463,0.00051896,0.00051896,0.00051896
189,527.285,1.32261,0.79192,0.97699,0.74137,0.55752,0.67497,0.37343,1.27245,0.78475,0.94784,0.00051104,0.00051104,0.00051104
190,529.96,1.21686,0.75765,0.98272,0.71038,0.61062,0.67735,0.38767,1.22066,0.79525,0.93993,0.00050312,0.00050312,0.00050312
191,532.574,1.30348,0.78937,0.94924,0.82792,0.55752,0.68931,0.38398,1.34361,0.77459,0.93434,0.0004952,0.0004952,0.0004952
192,535.312,1.3025,0.76689,0.96773,0.65962,0.68142,0.69137,0.37558,1.29382,0.77729,0.94147,0.00048728,0.00048728,0.00048728
193,538.008,1.29987,0.76979,0.96433,0.6692,0.62832,0.69593,0.36718,1.37261,0.81383,0.9417,0.00047936,0.00047936,0.00047936
194,540.638,1.29203,0.81357,0.9684,0.67793,0.67257,0.68466,0.37954,1.21263,0.75535,0.93819,0.00047144,0.00047144,0.00047144
195,543.245,1.30411,0.79468,0.96923,0.69421,0.68142,0.71566,0.39939,1.17761,0.74088,0.93391,0.00046352,0.00046352,0.00046352
196,546.464,1.27737,0.80007,0.9456,0.71214,0.61947,0.70748,0.40004,1.36109,0.76418,0.93852,0.0004556,0.0004556,0.0004556
197,549.151,1.15337,0.74651,0.94908,0.86846,0.54867,0.72252,0.41426,1.20217,0.72134,0.93705,0.00044768,0.00044768,0.00044768
198,552.367,1.19781,0.70663,0.9578,0.74876,0.64602,0.72076,0.41142,1.25558,0.72114,0.93721,0.00043976,0.00043976,0.00043976
199,555.087,1.248,0.75909,0.97644,0.72496,0.65487,0.73371,0.40205,1.27647,0.7468,0.94292,0.00043184,0.00043184,0.00043184
200,557.772,1.27155,0.76549,0.96363,0.70005,0.66372,0.70116,0.39712,1.19559,0.73905,0.92935,0.00042392,0.00042392,0.00042392
201,560.445,1.2008,0.72002,0.95043,0.72418,0.5809,0.67221,0.36713,1.36473,0.79971,0.94911,0.000416,0.000416,0.000416
202,563.123,1.32592,0.80792,0.9715,0.73461,0.56344,0.6526,0.36713,1.28324,0.78867,0.94587,0.00040808,0.00040808,0.00040808
203,565.821,1.23441,0.74581,0.96516,0.6744,0.64156,0.67592,0.37773,1.27564,0.77392,0.94391,0.00040016,0.00040016,0.00040016
204,568.527,1.25308,0.7862,0.9423,0.73558,0.62832,0.7113,0.38694,1.26285,0.7598,0.94359,0.00039224,0.00039224,0.00039224
205,571.214,1.2596,0.72605,0.97557,0.75063,0.63934,0.71508,0.40561,1.20762,0.7426,0.9256,0.00038432,0.00038432,0.00038432
206,573.941,1.23278,0.78244,0.92689,0.6794,0.65638,0.7017,0.38562,1.20791,0.75776,0.94359,0.0003764,0.0003764,0.0003764
207,576.612,1.23349,0.75785,0.94447,0.7238,0.64602,0.70627,0.40502,1.21162,0.73203,0.9454,0.00036848,0.00036848,0.00036848
208,579.3,1.19144,0.7102,0.96605,0.74061,0.65487,0.72284,0.43099,1.2055,0.74486,0.93245,0.00036056,0.00036056,0.00036056
209,582.564,1.21353,0.73112,0.9302,0.70633,0.65985,0.70761,0.41249,1.26056,0.75037,0.93158,0.00035264,0.00035264,0.00035264
210,585.281,1.25056,0.74574,0.93412,0.75901,0.6132,0.70224,0.41025,1.24601,0.74696,0.92935,0.00034472,0.00034472,0.00034472
211,587.969,1.21978,0.72821,0.92271,0.76651,0.61062,0.70012,0.41167,1.22713,0.75327,0.93741,0.0003368,0.0003368,0.0003368
212,590.735,1.31099,0.77289,0.95686,0.76658,0.63939,0.70781,0.40014,1.20708,0.74265,0.92687,0.00032888,0.00032888,0.00032888
213,593.398,1.17451,0.7151,0.9054,0.73835,0.64602,0.71462,0.4095,1.1908,0.74524,0.92744,0.00032096,0.00032096,0.00032096
214,595.984,1.20558,0.75519,0.95341,0.7488,0.63314,0.70736,0.38821,1.24706,0.7462,0.93021,0.00031304,0.00031304,0.00031304
215,598.621,1.23065,0.76598,0.9491,0.77307,0.63313,0.70815,0.40851,1.18908,0.73699,0.92444,0.00030512,0.00030512,0.00030512
216,601.263,1.19056,0.72257,0.95647,0.7638,0.60098,0.71376,0.40453,1.21941,0.74182,0.92554,0.0002972,0.0002972,0.0002972
217,603.929,1.19379,0.79142,0.94721,0.80715,0.59262,0.72025,0.41577,1.17409,0.73082,0.92227,0.00028928,0.00028928,0.00028928
218,606.592,1.21833,0.73391,0.9683,0.74232,0.62832,0.70593,0.40975,1.16761,0.73501,0.92291,0.00028136,0.00028136,0.00028136
219,609.245,1.18222,0.748,0.93598,0.7547,0.63717,0.69509,0.39784,1.22096,0.76811,0.929,0.00027344,0.00027344,0.00027344
220,611.904,1.17963,0.72204,0.94528,0.85976,0.54256,0.70435,0.40531,1.19382,0.70754,0.92374,0.00026552,0.00026552,0.00026552
221,614.569,1.23059,0.73392,0.96704,0.73514,0.6141,0.71211,0.41346,1.21716,0.71201,0.92166,0.0002576,0.0002576,0.0002576
222,617.215,1.24359,0.76433,0.9352,0.88092,0.53982,0.70592,0.41601,1.17044,0.69966,0.92231,0.00024968,0.00024968,0.00024968
223,619.84,1.29069,0.7302,0.94508,0.90408,0.54867,0.71144,0.4069,1.21226,0.72541,0.92358,0.00024176,0.00024176,0.00024176
224,622.542,1.22933,0.73777,0.96331,0.72084,0.59413,0.70712,0.40784,1.21199,0.71976,0.92458,0.00023384,0.00023384,0.00023384
225,625.179,1.26545,0.74647,0.96523,0.79599,0.55249,0.68821,0.4022,1.2162,0.72171,0.92181,0.00022592,0.00022592,0.00022592
226,627.789,1.20682,0.72625,0.94966,0.80507,0.54825,0.68196,0.40329,1.21103,0.7253,0.92126,0.000218,0.000218,0.000218
227,630.423,1.20917,0.71832,0.95771,0.78582,0.54867,0.689,0.4016,1.18025,0.73727,0.92037,0.00021008,0.00021008,0.00021008
228,633.045,1.17931,0.71971,0.92755,0.71526,0.62246,0.70678,0.39544,1.23125,0.73199,0.92913,0.00020216,0.00020216,0.00020216
229,635.694,1.21507,0.74548,0.97046,0.75478,0.62649,0.72064,0.40787,1.19076,0.70166,0.92363,0.00019424,0.00019424,0.00019424
230,638.326,1.23964,0.76769,0.95455,0.72308,0.64701,0.73365,0.40623,1.19266,0.68416,0.92744,0.00018632,0.00018632,0.00018632
231,640.993,1.21604,0.73559,0.94655,0.75501,0.62728,0.74701,0.41932,1.20833,0.68158,0.93589,0.0001784,0.0001784,0.0001784
232,643.69,1.19898,0.73029,0.93279,0.72338,0.62486,0.73728,0.43493,1.15677,0.66786,0.93853,0.00017048,0.00017048,0.00017048
233,646.85,1.16547,0.71827,0.90643,0.72394,0.65487,0.7271,0.43377,1.15615,0.68495,0.92186,0.00016256,0.00016256,0.00016256
234,649.518,1.1651,0.7257,0.92327,0.74909,0.66372,0.74094,0.43334,1.18858,0.69975,0.9166,0.00015464,0.00015464,0.00015464
235,652.133,1.21454,0.70901,0.96714,0.72899,0.65487,0.72832,0.43346,1.18082,0.69444,0.91699,0.00014672,0.00014672,0.00014672
236,654.755,1.16841,0.71559,0.93785,0.76491,0.66225,0.7279,0.41843,1.16289,0.72224,0.91965,0.0001388,0.0001388,0.0001388
237,657.364,1.17548,0.71229,0.95847,0.74848,0.63207,0.72435,0.42784,1.18053,0.71189,0.92607,0.00013088,0.00013088,0.00013088
238,660.02,1.15494,0.69894,0.93446,0.72772,0.59133,0.7086,0.42938,1.13052,0.7009,0.91891,0.00012296,0.00012296,0.00012296
239,662.636,1.22084,0.75548,0.94773,0.71829,0.57522,0.70478,0.41411,1.14121,0.7341,0.9133,0.00011504,0.00011504,0.00011504
240,665.274,1.18524,0.72055,0.96195,0.72973,0.61947,0.71762,0.43605,1.10786,0.69596,0.91477,0.00010712,0.00010712,0.00010712
241,668.737,1.1399,0.7246,0.92498,0.74,0.61062,0.71486,0.42497,1.09465,0.70938,0.91285,9.92e-05,9.92e-05,9.92e-05
242,671.377,1.01928,0.63567,0.85852,0.75197,0.61062,0.72821,0.43079,1.12037,0.70237,0.90928,9.128e-05,9.128e-05,9.128e-05
243,673.979,1.07851,0.67942,0.90261,0.77032,0.61062,0.72499,0.42423,1.16523,0.7122,0.91392,8.336e-05,8.336e-05,8.336e-05
244,676.604,1.13645,0.73061,0.93724,0.75741,0.60177,0.72064,0.42659,1.13479,0.70134,0.91225,7.544e-05,7.544e-05,7.544e-05
245,679.218,1.10175,0.66343,0.91079,0.79637,0.58407,0.71986,0.42954,1.11951,0.72004,0.90634,6.752e-05,6.752e-05,6.752e-05
246,681.842,1.08978,0.71037,0.87685,0.77334,0.58407,0.71498,0.42568,1.11992,0.71622,0.90721,5.96e-05,5.96e-05,5.96e-05
247,684.45,1.10771,0.68854,0.92603,0.79503,0.58407,0.71781,0.42933,1.1321,0.71833,0.9073,5.168e-05,5.168e-05,5.168e-05
248,687.045,1.12419,0.69444,0.95534,0.79898,0.56279,0.71218,0.42249,1.12022,0.71818,0.91066,4.376e-05,4.376e-05,4.376e-05
249,689.636,1.12262,0.67722,0.92842,0.75528,0.59292,0.71352,0.42739,1.1109,0.7145,0.90715,3.584e-05,3.584e-05,3.584e-05
250,692.222,1.08105,0.75366,0.92919,0.82081,0.56755,0.72198,0.43483,1.11255,0.70198,0.90743,2.792e-05,2.792e-05,2.792e-05
