               epoch,      train/box_loss,      train/obj_loss,      train/cls_loss,   metrics/precision,      metrics/recall,     metrics/mAP_0.5,metrics/mAP_0.5:0.95,        val/box_loss,        val/obj_loss,        val/cls_loss,               x/lr0,               x/lr1,               x/lr2
                   0,             0.12323,            0.014223,                   0,            0.001387,            0.035398,          0.00084037,          0.00020944,                 nan,                 nan,                   0,            0.070732,            0.003252,            0.003252
                   1,             0.11732,            0.011404,                   0,          3.6232e-05,           0.0088496,          1.8288e-05,          3.6575e-06,                 nan,                 nan,                   0,            0.040706,           0.0065593,           0.0065593
                   2,             0.11754,            0.011671,                   0,                   0,                   0,                   0,                   0,             0.15968,              288.47,                   0,            0.010653,           0.0098401,           0.0098401
                   3,             0.11216,            0.012983,                   0,          7.2464e-05,            0.017699,          5.1573e-05,          1.5472e-05,                 nan,                 nan,                   0,           0.0098812,           0.0098812,           0.0098812
                   4,             0.10253,            0.015761,                   0,            0.040797,            0.035398,           0.0032583,          0.00087029,              0.1259,            0.029157,                   0,           0.0098812,           0.0098812,           0.0098812
                   5,             0.11452,            0.012051,                   0,                   0,                   0,                   0,                   0,                 nan,                 nan,                   0,           0.0098416,           0.0098416,           0.0098416
                   6,             0.10508,            0.012544,                   0,            0.052599,            0.061947,           0.0092194,           0.0018081,                 nan,                 nan,                   0,            0.009802,            0.009802,            0.009802
                   7,            0.099402,            0.013819,                   0,            0.061314,            0.088496,            0.023879,           0.0071439,                 nan,                 nan,                   0,           0.0097624,           0.0097624,           0.0097624
                   8,            0.095841,            0.013565,                   0,             0.16246,             0.10619,            0.033734,           0.0079321,             0.12393,            0.018971,                   0,           0.0097228,           0.0097228,           0.0097228
                   9,            0.089712,            0.013012,                   0,             0.18961,             0.09732,             0.03028,           0.0063053,             0.12403,            0.020448,                   0,           0.0096832,           0.0096832,           0.0096832
                  10,            0.089019,            0.013483,                   0,             0.20701,             0.18584,            0.075591,            0.017327,             0.11222,            0.019334,                   0,           0.0096436,           0.0096436,           0.0096436
                  11,            0.092992,            0.012632,                   0,             0.35837,             0.43496,             0.27624,            0.070113,            0.092776,            0.020973,                   0,            0.009604,            0.009604,            0.009604
                  12,            0.088922,            0.014077,                   0,             0.25114,             0.28319,             0.16602,             0.03363,            0.092853,            0.018305,                   0,           0.0095644,           0.0095644,           0.0095644
                  13,             0.08494,             0.01344,                   0,             0.40541,             0.36283,              0.2539,            0.069024,             0.08992,            0.022902,                   0,           0.0095248,           0.0095248,           0.0095248
                  14,            0.085509,            0.013311,                   0,             0.25249,             0.37168,             0.19611,             0.04954,            0.087767,             0.02213,                   0,           0.0094852,           0.0094852,           0.0094852
                  15,            0.081934,             0.01277,                   0,             0.11111,             0.10619,            0.042563,           0.0080974,             0.12002,             0.02077,                   0,           0.0094456,           0.0094456,           0.0094456
                  16,            0.079747,            0.012852,                   0,             0.21361,            0.044248,            0.027709,           0.0071589,             0.12281,            0.019885,                   0,            0.009406,            0.009406,            0.009406
                  17,             0.07858,            0.012913,                   0,              0.5305,             0.15929,             0.16937,            0.049062,             0.11323,            0.014948,                   0,           0.0093664,           0.0093664,           0.0093664
                  18,            0.077605,            0.012739,                   0,             0.20621,             0.10619,            0.084448,            0.018065,             0.12122,            0.013412,                   0,           0.0093268,           0.0093268,           0.0093268
                  19,            0.074299,             0.01305,                   0,             0.60168,             0.31858,             0.34167,            0.095958,            0.084282,            0.021455,                   0,           0.0092872,           0.0092872,           0.0092872
                  20,            0.082662,            0.013011,                   0,             0.57503,              0.4311,             0.45074,             0.13361,            0.077164,            0.023184,                   0,           0.0092476,           0.0092476,           0.0092476
                  21,            0.078184,            0.013028,                   0,             0.42813,             0.41593,              0.3627,             0.09243,            0.077402,            0.020063,                   0,            0.009208,            0.009208,            0.009208
                  22,            0.075084,            0.012606,                   0,             0.43813,             0.35886,             0.30921,            0.099712,            0.075694,            0.020526,                   0,           0.0091684,           0.0091684,           0.0091684
                  23,            0.070904,            0.012565,                   0,              0.4112,             0.30285,             0.23929,            0.061274,            0.083463,            0.017483,                   0,           0.0091288,           0.0091288,           0.0091288
                  24,            0.074113,            0.012557,                   0,             0.39654,             0.17699,             0.14107,            0.040668,             0.11004,            0.016084,                   0,           0.0090892,           0.0090892,           0.0090892
                  25,            0.071761,            0.012307,                   0,             0.65102,             0.57783,             0.54127,             0.15916,             0.06805,            0.016029,                   0,           0.0090496,           0.0090496,           0.0090496
                  26,            0.072067,            0.013523,                   0,             0.47579,             0.52212,             0.42549,              0.1326,            0.072617,             0.01508,                   0,             0.00901,             0.00901,             0.00901
                  27,            0.069392,            0.012471,                   0,             0.66904,             0.52212,             0.52816,             0.15076,            0.066894,            0.014663,                   0,           0.0089704,           0.0089704,           0.0089704
                  28,            0.068443,            0.012166,                   0,             0.66948,             0.48399,             0.55401,             0.17597,            0.064723,             0.01521,                   0,           0.0089308,           0.0089308,           0.0089308
                  29,            0.066135,            0.011862,                   0,             0.55015,             0.51327,             0.48278,             0.17543,            0.067982,            0.016072,                   0,           0.0088912,           0.0088912,           0.0088912
                  30,            0.067691,            0.011432,                   0,             0.60427,             0.42478,             0.37854,            0.097574,            0.086973,            0.015086,                   0,           0.0088516,           0.0088516,           0.0088516
                  31,            0.067623,            0.012015,                   0,              0.5039,             0.41593,             0.41381,             0.13438,            0.073836,            0.018095,                   0,            0.008812,            0.008812,            0.008812
                  32,            0.067541,            0.011845,                   0,             0.63979,             0.59292,             0.59041,              0.1711,            0.067175,             0.01431,                   0,           0.0087724,           0.0087724,           0.0087724
                  33,            0.068721,            0.010809,                   0,             0.58786,             0.43363,             0.38018,             0.10701,            0.071398,            0.016091,                   0,           0.0087328,           0.0087328,           0.0087328
                  34,            0.066341,            0.011496,                   0,             0.53857,             0.54744,             0.55134,             0.18322,            0.065973,            0.017221,                   0,           0.0086932,           0.0086932,           0.0086932
                  35,             0.06806,            0.010613,                   0,             0.57554,             0.55752,             0.57688,             0.21078,            0.064489,            0.015111,                   0,           0.0086536,           0.0086536,           0.0086536
                  36,            0.070493,            0.011654,                   0,              0.4965,             0.58407,             0.53607,             0.16168,            0.066064,            0.013851,                   0,            0.008614,            0.008614,            0.008614
                  37,            0.066836,            0.011129,                   0,             0.33924,             0.44248,             0.26848,            0.079466,            0.073815,            0.018717,                   0,           0.0085744,           0.0085744,           0.0085744
                  38,            0.064296,            0.011109,                   0,               0.527,             0.47788,             0.43696,             0.13964,            0.069711,            0.017543,                   0,           0.0085348,           0.0085348,           0.0085348
                  39,            0.061119,            0.011627,                   0,             0.49271,             0.69912,             0.52429,             0.15724,            0.062074,             0.01504,                   0,           0.0084952,           0.0084952,           0.0084952
                  40,            0.062114,            0.010657,                   0,             0.50996,             0.13821,             0.15545,            0.045205,             0.10786,            0.021235,                   0,           0.0084556,           0.0084556,           0.0084556
                  41,            0.063842,            0.011418,                   0,             0.47322,             0.30973,             0.30253,            0.092839,            0.075599,            0.019732,                   0,            0.008416,            0.008416,            0.008416
                  42,            0.063381,            0.011206,                   0,             0.65115,             0.49558,             0.51919,             0.17361,            0.069334,            0.016413,                   0,           0.0083764,           0.0083764,           0.0083764
                  43,            0.062755,            0.011416,                   0,             0.56975,             0.46903,              0.4714,             0.12555,            0.071272,            0.015492,                   0,           0.0083368,           0.0083368,           0.0083368
                  44,            0.068579,              0.0118,                   0,             0.59699,             0.53097,             0.54443,             0.15783,            0.069406,            0.013557,                   0,           0.0082972,           0.0082972,           0.0082972
                  45,             0.06846,            0.010568,                   0,             0.61772,             0.48621,             0.47097,             0.13529,            0.075669,            0.015687,                   0,           0.0082576,           0.0082576,           0.0082576
                  46,            0.064627,             0.01161,                   0,             0.52934,             0.19469,             0.19714,             0.06443,            0.099429,            0.021666,                   0,            0.008218,            0.008218,            0.008218
                  47,            0.065155,            0.011224,                   0,             0.41177,             0.46903,             0.39368,             0.10533,            0.068682,            0.018397,                   0,           0.0081784,           0.0081784,           0.0081784
                  48,             0.06206,            0.011226,                   0,             0.45094,             0.26549,             0.27133,            0.082778,            0.092809,            0.021761,                   0,           0.0081388,           0.0081388,           0.0081388
                  49,            0.061628,            0.011333,                   0,             0.63585,             0.71681,             0.60791,             0.19903,            0.058466,            0.014327,                   0,           0.0080992,           0.0080992,           0.0080992
                  50,            0.059237,            0.011128,                   0,             0.62713,             0.49558,             0.52448,             0.16938,            0.065586,            0.016315,                   0,           0.0080596,           0.0080596,           0.0080596
